mail@lulof.nl
mail@mafpump.se
mail@mbkwholesale.com
mail@motorsazan.ir
mail@noritazeh.com
mail@pictoufishingsupplies.com
mail@polytuil.fr
mail@prodomax.com
mail@rapidaire.com
mail@saunders-international.com.au
mail@scottspringfield.com
mail@seh-ltd.co.uk
mail@seizmic.net
mail@solid-air.nl
mail@spako.nl
mail@stlouisdatadestruction.com
mail@syma.de
mail@t2-neonpower.com
mail@technofour.be
mail@toybox-jp.com
mail@tuwi.nl
mail@usknife.com
mail@westhoffinc.com
mail@wrapid.co.uk
mailas@mail.sy
mailbox@lovbjerg.dk
mailbox@projen.co.uk
mailroom@systech.com.sg
mainfine@vip.163.com
mainfine-sales@vip.163.com
majx3881@sohu.com
makk-o@makk-o.com
mako_polo@maildozy.com
maldet@libertysurf.fr
maldifassialberto@yahoo.it
malihis2o@yahoo.ca
mam_cocktail@yahoo.fr
mamoru-ito@email.daiei.co.jp
man@weixing.cn
management@racogroup.com
manager@hi-dow.com
manager@trendsfashioninc.com
managingdirector@kazema.com
manaiconstruction@yahoo.fr
manak@manakjewels.com
mancheongsl@yahoo.com.hk
manciniguat@intelnett.com
man-co@longsong.com
mandarinslovenia@yahoo.co.uk
mandyglw@163.com
manfred.haensch@az-automotive.de
manfred.wehrs@ls.contitech.de
manfredi@piw.it
manjeet59@yahoo.co.in
manojsikdar1@yahoo.co.uk
mantaibm@yahoo.com.hk
manuel.guerrero@gemaba.com
manyneo@yahoo.com.hk
manz@tedata.net.eg
maplefamilyca@yahoo.ca
mapuana_sabu@hotmail.co.jp
maranecorp01@yahoo.fr
marc4u34@hotmail.com
marccom@bol.net.in
marcel.herrig@unicut-design.de
marcelo@xelux.com.br
marcia@hardmetals.com
marcust@bianco.com.au
mardin@cometalsa.com
margaret@geobezdan.com
mariek@hoffmannhospice.org
marimon@marimoninc.com
marineservices@batelco.jo
mario.bartolic@olivari.hr
marisel@beautyequipmentsupply.com
maritim@maritim.fi
marius.toussaint@knauf.fr
mark.bishop@bishopbros.com.pg
mark412tsang@yahoo.com.hk
market@meikolong.com
marketing@intro-sino.com.hk
marketing@klanghock.com.my
marketing@lafortezza.it
marketing@matic.es
marketing@pellenc.com
marketing@unex.cz
markk@northerntool.com
markn@abmautomation.com
marks_kitchener@markssupply.net
mars@marsvalve.com.tw
martin@martintools.com
martin6453@sohu.net
martind@gsbuilding.net.au
martinique@ig.com.br
martor@martor.fr
maruei@f2.dion.ne.jp
mary@insafoam.com.my
marysoltenerife@yahoo.es
masabumi@yuhara.co.jp
mascoutech@mascoutech.com
masequip@ezeeweb.com
masmoudi.refrigeration@planet.tn
masoud@dataxprs.com.eg
master@tnskorea.co.kr
mat.boa@infonie.fr
matjaz@silvaapis.si
mattr@sgb.ae
maubert@maubert.com
mauricelecoy@magic.fr
mavinota@163.com
maviswong@mmhk.com
mawe@tanga.net
maximefainac@free.fr
maya@mayagroup.com
mazak@mazak.be
mazenku@mail.sy
mbejin@pump-meter.com
mbi75518@chollian.net
mbo@jeaton.co.uk
mbon@alfdrain.com
