mail@meiwah.com
mail@minder.cn
office@motorsazan.ir
mail@naammo.nl
mail@napiersecurity.ie
mail@nedschroef.se
mail@nikitaent.com
mail@nolako.dk
mail@nuovacerisola.com
mail@officeline.se
mail@oldegoodthings.com
mail@opcastings.com
mail@oventrop.fr
mail@pachtaas.com
mail@palleiversen.dk
mail@passco.de
mail@pebas.dk
mail@petsportusa.com
mail@peulen.com
mail@pfaffgroup.com
mail@plaatijzerindustrie.com
mail@plasticworldinc.com
mail@plickert.de
mail@plushland.com
mail@pocockindustrial.com
mail@poly-seal.be
mail@powell.co.uk
mail@raaco.com
mail@rahaus.de
mail@reyher.de
mail@ross-tucker.nl
mail@rovasta.nl
mail@rowterra.bc.ca
mail@rsb.org.au
mail@ryokosha.co.jp
mail@sanmedi.nl
mail@sa-saunier.fr
mail@sato.gr
mail@saunabau-hamburg.de
mail@scanamcorp.com
mail@schmiedezaun.de
mail@schreder.it
mail@servinox.com
mail@shotsteward.com
mail@statomat.co.uk
mail@staufferdiesel.com
mail@steelcraft.ca
mail@suregrave.com
mail@swegab.se
mail@swfp.com
mail@tagltd.com
mail@taxameter.nl
mail@technotherm-usa.com
mail@techstainremover.com
mail@tools.nl
mail@triadsales.com
mail@triumphapparels.com
mail@underpinning.com
mail@viessmann.ca
mail@weightronic.com
mail@willems.be
mail@worldonline.nl
mail2veenu@rediffmail.com
mailbox@acequisa.com
mailbox@ava-alms.de
mailbox@boggsgases.com
mailbox@copytech.dk
mailbox@frico.se
mailbox@generalhybrid.com
mailbox@hamapo.nl
mailbox@kopal.se
mailbox@ramson.se
mailbox@ringspann.de
mailbox@semtu.fi
mailbox@thermtec.com
mailbox@treeoflife.com
mailbox@ulricehamn.emballator.se
mailinfo@esma.se
mailkriti@vsnl.com
mailman@dieselhelp.com
mailmonir@gamil.com
mailnet@pba.co.il
mailroom@clboyd.com
mailvasca@aol.com
main@buywell.org
main@chungnyong.com
main@nanomaster.com
main@olehickorypits.com
main@shortbits.com
main@szpta.sina.net
main@walkertech.com
maineggman@aol.com
mainoffice@jorban-riscoe.com
mairal@mairal.com
mairoldi@valfond.com
maisonneuve@maisonneuve-sa.fr
maisonstores@hotmail.com
maita@terra.com.pe
maitfest@singnet.com.sg
maiz@ms6.hinet.net
majar@wanadoo.fr
majdihome@hotmail.com
majed@alnahdigroup.com
majed_keddeh@hotmail.com
majednamos@hotmail.com
majesticgreeting@bellsouth.net
majic@emirates.net.ae
majid@vsnl.com
majidbuk@emirates.net.ae
majidcas@emirates.net.ae
majidstore@zanlink.com
majloni@mail.sy
majny@emirates.net.ae
majococorp@aol.com
majora@iinet.net.au
majormot@iinet.net.au
majorperfumes@aol.com
majors@netvigator.com
majumdar@nagreeka.com
majx2o@hotmail.com
majzoub@nets.com.jo
mak2002_2@hotmail.com
makaisls@aloha.net
makgung@cbn.net.id
makhanb@hamiltonspill.com
makitaspares@yahoo.co.in
makiyama@skyblue.ocn.ne.jp
makkaht@brain.net.pk
makol@efes.net.tr
maks@slt.lk
makwheels@makwheels.it
mala51@aol.com
malaacenter@hotmail.com
malabo@hotmail.com
malamoudi@zajil.net
malanical@hotmail.com
malawani@hotmail.com
malayan@singnet.com.sg
malayshah@belhasa.ae
malbabtain@hotmail.com
malbourn@totalsteel.com.au
malcourant-mecanique@skynet.be
maldonadoramos@hotmail.com
malekgaber@yemen.net.ye
malent@del3.vsnl.net.in
malet@aronet.com
malgray@iinet.net.au
m-ali@cyber.net.pk
malik@al-mailem.com
malik23@brain.net.pk
malikha@singnet.com.sg
maliming@vtr.net
malin_vaneeden@hotmail.com
mallhis20@yahoo.ca
mallikam@sltnet.lk
mallsdist@mallstiles.com
malmo@vsnl.com
malnaveen@vsnl.com
maloney1@telusplanet.net
malrieu@malrieu.com
maltauro@maltauro.com
mamaziz@hotmail.com
mamdouh@al-ameen.com.sa
mamhera@hotmail.com
mammals-boys@web.de
mamooreh@emirates.net.ae
mams@emirates.net.ae
management@eltek.it
management@ergom.com
manager@america-hardware.com
manager@justhotel.co.nz
manager@kcsupply.com
manager@northstarltd.com
manager@shiplink.info
manager03@krezol.ru
manahry2000@aol.com
manauto@pn3.vsnl.net.in
manchinox@wanadoo.fr
mancomesh@vsnl.com
mand@endl.com
mandala@mandalacreations.com
mandarin288@msn.com
mandi@mimaterials.com
mandoos@omantel.net.om
mands@silver.ocn.ne.jp
mandvi@cyber.net.pk
mandy.fab@hotmail.com
mandy_work@hotmail.com
mandygong@qq.com
mandywk@pd.jaring.my
manekmetalind@vsnl.net
manfastavillo@aol.com
manfred.lerner@gtz.de
manfred_reiter@utanet.at
mangka@163.net
mangmot@slt.lk
manguiloi1@optusnet.com.au
manhar@mtnl.net.in
mani.business@volny.cz
maniaraja@hotmail.com
manifatture@abanet.it
manikandan-savitri@abunayyangroup.com
manikas@otenet.gr
manikgoel@rediffmail.com
manish.choudhary@owenscorning.com
manish@vikmans.com
manish_chowdhary@hotmail.com
manishgupta@email.com
manishjain6@hotmail.com
manishpatel@connect.com.fj
manitoba@pg.highway.ne.jp
manjing0515@hotmail.com
manjunath@bhpengineers.com
mankad@batliboi.com
mankal_1@lehavot.org.il
manmit13@hotmail.com
mann@ericbeare.com
mannesmann-ind@compuserve.com
mannheim@berrang.de
mannjeepark@hotmail.com
manntech@manntech.org
mano@vima.it
mano4j@hotmail.com
manoj.ahir@hotmail.com
manoj@godrej.com
manoj@onomaindia.com
manoj_9211@usa.net
manojkathusia@hotmail.com
manojmehta@dharini.com
manojsharma13264@rediffmail.com
manomjadi@hotmail.com
manop-009@hotmail.com
manos@bizerba.de
manraseema@hotmail.com
mansfield@cromwell-tools.co.uk
mansh@icenet.net
mansion.ent@msa.hinet.net
mansourgoumidi@msn.com
mansurs@citechco.net
manta@manta.it
mantank@origin.net.au
mantejs@hotmail.com
mantic@ptt.rs
mantua@bedframes.com
manu.loire@wanadoo.fr
manuarm@manuarm.fr
manubali@hotmail.com
manuelle.s.schene@skynet.be
manufacturer@hotmail.com
manuhira@indo.net.id
manujain@vsnl.com
manulo@wanadoo.fr
manutec@infonegocio.com
manutec@prodigy.net
manvendu_in@rediffmail.com
manwahco@netvigator.com
manzoor2@cyber.net.pk
maor-h@012.net.il
mapcol@t-net.com.lb
mapeka@hitel.net
maper.ergu@euskalnet.net
maple801@poem.ocn.ne.jp
maplebay@shaw.ca
mapsisa@eresmas.com
maqbool2@super.net.pk
maqjumilla@cempresarial.com
maqna@sawindo.com
maquinaria@cemausa.com
maquinasunion@peru.com
maquitecnicos00@hotmail.com
maquiten@interbook.net
maraisenter@noos.fr
maralbek@bella.ru
marandr@cytanet.com.cy
marangon@interplanet.it
marblexinc@aol.com
marbo@netvigator.com
marbosas@wanadoo.fr
marc.deville@outilac.be
marc.langer@wanadoo.fr
marc@hudson4supplies.com
marceau.amalric@wanadoo.fr
marcel.buysse@ping.be
marcel.vandevelde@brabantia.com
marcel@gamma.es
marcel@prinsusa.com
marcela@sheridanimports.com
marcelinoray@hotmail.com
marcelis@unicall.be
marcella.alberghina@email.it
marcellcanada@yahoo.ca
marcellek@telkomsa.net
marcellight@fastermail.com
marcellop@aol.com
marcelo.isch@coair.com
marcelo@aclimex.com.br
marcelo@scentsofnature.com
marcelogarcia888@hotmail.com
marcelsouza@earthlink.net
marchal.machines@skynet.be
marchrs@otenet.gr
marcio.berger@vivara.com.br
marcltd@tesco.net
marco@marco.nl
marco@marcofire.com
marco@marconet.com
marco@marcorptd.com
marco@topcraftco.com
marco_mr@euronet.nl
marcoco@po.jaring.my
marcolamny@aol.com
marcopolo-srl@sohu.com
marcosalag@hotmail.com
marcovr_3@hotmail.com
marcs@jenseninstrument.com
marcus.phuah@honeywell.com
marcus@anatasolutions.com
marcus@tdihk.com
marcus@tionale.com.sg
marcusb@mantissacorporation.com
marcusmr@intekom.co.za
mardonco@aol.com
marek.kasprzyk@diamond.pl
bok@diamond.pl
marels@bigpond.net.au
mareno@mareno.it
marfasb@aol.com
margaret_0603@hotmail.com
margaret_lennon@hmco.com
margie@watervalley.net
margraf.pc@cerra.es
mari@miugar.com
maria.horvath@butorasz.hu
maria.westaway@andritz.com
marianna.shen@handhasia.com
marianog@quickfood.com.ar
marians_primitives_woodworking@embarqmail.com
mariapaz.lopez@info.carm.es
marias@brasssmith.com
maricarl@famejeans.com
marie-france.douis@sogafric.com
marilyn.wu@btinternet.com
marimexco@hotmail.com
marina01@aitlbd.net
marina1@emirates.net.ae
marin-cindustrie@wanadoo.fr
marindus@iinet.net.au
marine.motors@skynet.be
marine@rad.net.id
marinepumpsrvc@aol.com
marinfo@gate.net
mario.albuquerque@infos.pt
mario.graia@italgarden.net
mario@babock.de
mariogallo@alplighting.com
mariozen@zenasia.com
marisasandrak@yahoo.com.ar
maritalundberg@yahoo.no
marja.langham@carrier.utc.com
marjon@videotron.ca
mark.bura@intercoolusa.com
mark.chacon@associatedimports.com
mark.goetz@cep-panels.com
mark.kreun@foreigncandy.com
mark.krymalowski@asiagateway.co.uk
mark.ladham@koctas.com.tr
mark@alliedbrgs.com
mark@allrig.com.au
mark@associatedtilefactories.com
mark@basstool.com
mark@fob-asia.com
mark@indfit.com
mark@monarchstainless.com
mark@newcombe.com.au
mark@ofexpress.com
mark@scantexas.com
mark@smalltools.com
mark@somak.com
mark@ukfix.com
mark@wabash.net
mark_whitney@pgn.com
mark0226@aol.com
marka@microwestech.com
markazia@emirates.net.ae
markc@playvisions.com
markcheng1808@hotmail.com
markers@inco.com.lb
market@agco.com.au
market@dati.lv
market@kelabhk.com
market@lea.com.hk
market@luenhuei.com.cn
marketing.enquiries@exprogroup.com
marketing@aggreko.co.uk
marketing@ainsworth.ca
marketing@amarr.com
marketing@ambirad.co.uk
marketing@atnation.com
marketing@avestasheffield.com
marketing@bellacor.com
marketing@boolsoft.com
marketing@cambriausa.com
marketing@centrostal.com.pl
marketing@cetal.fr
marketing@charmchoice.com
marketing@cofiplast.it
marketing@cortizo.com
marketing@cpiplastics.com
marketing@crossling.co.uk
marketing@cwpa.com
marketing@danka.be
marketing@decra.com
marketing@dfm-ltd.co.uk
marketing@dms.fr
marketing@eastlandfood.com
marketing@eberhardt.fr
marketing@evergreen-floral.com
marketing@fade.sm
marketing@genich.com
marketing@greenshires.com
marketing@hartman.nl
marketing@hkmpeng.com
marketing@ibuttonlock.com
marketing@learka.cz
marketing@marketgroup.gr
marketing@masselin.com
marketing@mdsaero.ca
marketing@meggitt-avionics.co.uk
marketing@mittenvinyl.com
marketing@naismith.com.au
marketing@ovislink.com
marketing@partcogroup.co.uk
marketing@pickalbatros.com
marketing@pouchard.fr
marketing@pwc.ca
marketing@pyronics.be
marketing@ronaschemicals.com
marketing@safeguard.co.uk
marketing@sansafe.com
marketing@serflex.fr
marketing@shinewell.com.hk
marketing@srccomp.com
marketing@synnex.com.au
marketing@tracforce.com.au
marketing@uictech.com.sg
marketing@unio.ro
marketing@wainbee.ca
marketing@worldwidehic.com.hk
marketing@wyko.co.uk
marketing@wyman.com
marketing@xendar.com
marketing@youngcorporation.com
marketing@zapp.com
marketing@zetes.com
marketingenquiries@ingrammicro-asia.com
marketingenzed@parker.co.nz
marketing-master@dorma.com
marketingplus.canada@sympatico.ca
market-tec@hotmail.com
markfour@euronet.nl
markgrow@singnet.com.sg
markim46tr@hotmail.com
markjean@qwest.net
markkinointi@sgn.fi
marklee415@hotmail.com
marklim@pc.jaring.my
markloro@aol.com
markm@mcclaintool.com
markmcewan@hotmail.com
markmint@sltnet.lk
marknl@softwareag.com
markon@indiatimes.com
markoysn@list.ru
markus.johansson@se.abb.com
markus.koskinen@fi.selecta.com
markus.reininger@pcelectric.at
markzzijoy@aol.com
marlain@eircom.net
marlceting@unit4.nl
marle-sa@wanadoo.fr
marlowe@hawaiiscientific.com
marmac@marmacco.com
marmaraco@ttnet.net.tr
marnerosconstructions@hotmail.com
marocfil@hotmail.com
marodi@ec.rr.com
marogos@hanmir.com
marotte@marotte.com
marpa@cecot.es
marquis@bdonline.com
marriottasia@aol.com
marship.coffinturbopump@wxs.nl
marstonbarrow@yahoo.co.uk
mart@citech.net
martakcanada2000ltd@nfld.net
martcheng@hotmail.com
marthagsd@aol.com
martignon@wanadoo.fr
martilus@hotmail.com
martimex@martimex.ru
martin.burinsky@ingema.sk
martin.mellblom@savalino.com
martin.prost@wanadoo.fr
martin.schaffer@hebetechnik.at
martin.walter@atlascopco.com
martin@citrusgroup.ie
martin@leiten.com.ar
martin@protecta.com
martinelli@1stnetusa.com
martinexpo@t-online.de
martinez@albainox.com
martingoodman@titusint.com
martini@energy.it
martinigurl548@hotmail.com
martn@guco.nl
martuh@pi.be
martync@sanderson.co.nz
info@sanderson.co.nz
martyproductsperroliers@wanadoo.fr
marudhara@vsnl.net
maruha@maruha-denki.co.jp
maruichi@d5.dion.ne.jp
marukin-st@ppp.bekkoame.ne.jp
marunaka@olive.zero.ad.jp
maruo.co@maruo-importer.com
marusc07@mbox.inet-osaka.or.jp
maruto@pb.highway.ne.jp
marutomo@mb.infosnow.ne.jp
marvelgl@bom3.vsnl.net.in
marvinoliver@kincaidfurniture.com
marvin@mbi.nifty.com
marvinj@steelwarehouse.net
marwa_f@scs-net.org
marwan90703@earthlink.net
marwanchammaa@haifcompany.com
marwin@po.jaring.my
marxtoys@gate.net
marxusa@aol.com
mary.arm@wanadoo.fr
mary@antiqueatticdothan.com
mary@offshoremilling.com
mary@publictotem.ru
mary_prijo@hotmail.com
maryanne@t2tea.com
maryliunehominal@newen.com
maryr@raydot.com
marzoukimental@hotmail.com
mas@concept.net.sa
mas@mas.dk
mas@sitraco.gr
mas@wkkj.co.jp
masaexpo@qualitynet.net
masahiro-tamada@kawajun.co.jp
masaji_tjioe@plasa.com
masakinest@hotmail.com
masamulia@hotmail.com
masao.chang@msa.hinet.net
masatomo.tsuchizawa@hc-kohnan.co.jp
mas-bamari@hotmail.com
mascart@fregat.com
maschen@kugellagerfiedler.de
mascoma@cytanet.com.cy
mascotintl@aol.com
masdelgroup@bellnet.ca
masetti@masettiglass.it
mash@y.net.ye
mashhad.cooperative@hotmail.com
masjkt@indosat.net.id
masman73@hotmail.com
mas-matsui@mtb.biglobe.ne.jp
masonry@netspace.net.au
masoud2k@hotmail.com
masri359@aol.com
mass@loxinfo.co.th
massifmarine@wanadoo.fr
mastec@green.ocn.ne.jp
master@jannu.co.kr
master@lynair.com
master@thaisin.co.th
master9200@aol.com
mastercutlery@aol.com
mastercutting@msn.com
masterg@netvigator.com
masterlifts@pobox.com
masterlights@hotmail.com
masterlink2007@mail.ru
masterok@gbru.udmnet.ru
masterpharma@online.com.kh
masterpipings@yahoo.com.hk
masterplast@t-email.hu
mastertechnology@menanet.net
mastour_zouheir@yahoo.fr
mastronet@logos.cy.net
masumenterprises@hotmail.com
maswerr@indosat.net.id
matal@lime.ocn.ne.jp
mataly@singnet.com.sg
matamfrance@wanadoo.fr
matamuhendisilk@superonline.com
matarii@hotmail.com
matchboard@pavilion.co.uk
matcobel@hotmail.com
matdus@teamnexus.com
mate@qualitynet.net
matebad_rhoneralpes@wanadoo.fr
matebat@wanadoo.fr
matelec@hainet.net
matemco@matemco.nl
material.es@hotmail.com
material@anggroup.biz
materiaux@maquinay.com
materlap@wanadoo.fr
matero@cytanet.com.cy
matexim@hn.vnn.vn
math24@aol.com
matheen@raymondsaudi.com
mathes4@uwindsor.ca
mathews@idcomm.com
mathias@mathias.fr
mathieupourtier@hotmail.com
matices25@latinmail.com
matimex@easynet.fr
matisa@sol.racsa.co.cr
matiutsah10@hotmail.com
matjaz@alpod.si
matrixag@telusplanet.net
matrixarts2003@aol.com
matrovalvulas@hotmail.com
matsugug@usfilter.com
matsumoto@jci.co.jp
matsumoto@m-shokai.com
matsumotomn@narasaki.co.jp
matsuno@chugoku-tekkan.co.jp
matt@mattscookies.com
matteo@indital.com
matteoravasio@virgilio.it
matth@gibsonusa.com
matthew@tge.com.hk
matthewchan@mweb.co.za
matthias.durst@durst-filtertechnik.de
matthias.heinem@heine-beisswenger.de
matthias.herfeld@enders-werdohl.de
matthubert@bellnet.ca
matt-sourcing@comcast.net
mattssons@fasteners.se
matunaga@sowa.co.jp
matuv@online.ru
maualbury@munters.com.au
maule@gvo.it
mauline@terra.com.br
mauno.makela@ferroim.pp.fi
mauriciocanas@hotmail.com
mauricioperez@langlobal.cl
maurizio.merlo@gedy.com
mauro.compagnoni@tennantco.com
maurofalone@rexnord.com
mauromarcisio@fissologru.it
maus@mato.com.au
mavil@wanadoo.fr
mavila@pesqueros.com
mavintah@hotmail.com
mavir25@rediffmail.co.in
mavrofid@otenet.gr
mawada@bangla.net
mawen@emirates.net.ae
mawredad@emirates.net.ae
max@lamitech.ru
max@nierich.com
max@omegatechnology.com
max99@netvision.net.il
maxaler@virgilio.it
maxdata@netway.at
maxi@email.dk
maxi@maxisave.bw
maxiloka@nzoomail.com
maxima4485557@yahoo.co.kr
maxime.gauthier@cnrc-nrc.gc.ca
maximet@ozemail.com.au
maximkov@263.net
maximums@maximumscented.com
maxmatw@ms61.hinet.net
maxmayerinc@aol.com
maxmerica@earthlink.net
max-mine@wanadoo.fr
maxndiaye@hotmail.com
maxsilk@aol.com
maxwill@on-nets.com
maxwin4938@aol.com
maxxsel@aol.com
may_angela_king@hotmail.com
may0553@singnet.com.sg
may88@pacific.net.hk
maya@ies.com
maya3838@hanmail.net
mayak@sura.ru
mayanjajoel@hotmail.com
mayankshah83@yahoo.co.in
maybehk@wp.pl
maye@uol.com.br
mayernip@interbroad.or.jp
mayfield@singnet.com.sg
mayfltd@netvigator.com
mayford@mindspring.com
maygo@netvigator.com
maymoon@emirates.net.ae
mayolika@ukrnet.net
mayroeid@otenet.gr
mayscond@netvigator.com
mayurbm@hindustanpencils.com
mayyuan@ms36.hinet.net
mazbear@bigpond.com.au
mazeres.aviation.09@wanadoo.fr
mazhar@slt.lk
mazharamin@hotmail.com
mazidi@mazidi.com
mazouz_y@hotmail.com
mazzagiordano@libero.it
mb.trade@pmi-cp.com
mb@sfa.fr
mb@sodetel.net.lb
mb111067@aol.com
mb786@spctnet.com
mba.negoce@iam.net
mba111@mailcity.com
mbacci@modernhouseware.com
mbalaa@hotmail.com
mbanerjee@bartronicsindia.com
mbaramakeh@hotmail.com
mbashir@bdcom.com
mbasrai@pn2.vsnl.net.in
mbatten@hoover.com
mbavd@bob.fr
mbb@mathy-by-bols.be
mbcind@aol.com
mbeiler@jacat.jnj.com
mbellus@tin.it
mbenmous@hotmail.com
mberjawi@hotmail.com
mberk@mmspecialevents.com
mbertrand@irtsystem.com
mbertuprul@hotmail.com
mbhanukumar@hotmail.com
mbhanukumar@rediffmail.com
mbifrance@wanadoo.fr
mbill@sg-designbase.com
mbisi@bellatlantic.net
mbm03@hotmail.com
mbmdxb98@emirates.net.ae
mbmspa@tin.it
mbmteme@emirates.net.ae
mbo-br45@wanadoo.fr
mbollman@flatrolledsteelinc.com
mbonitatibus@millingtonlockwood.com
